,mean_fit_time,mean_score_time,mean_test_score,mean_train_score,param_pca__n_components,param_svc__C,param_svc__class_weight,param_svc__decision_function_shape,param_svc__gamma,param_svc__kernel,params,rank_test_score,split0_test_score,split0_train_score,split1_test_score,split1_train_score,split2_test_score,split2_train_score,split3_test_score,split3_train_score,split4_test_score,split4_train_score,std_fit_time,std_score_time,std_test_score,std_train_score
0,92.6461616039,16.054152441,0.843840282416,0.999454360479,1000,1000.0,,ovr,0.01,rbf,"{'svc__class_weight': None, 'svc__C': 1000.0, 'svc__decision_function_shape': 'ovr', 'pca__n_components': 1000, 'svc__kernel': 'rbf', 'svc__gamma': 0.01}",57,0.831481471203,0.999448361075,0.849352826134,0.999459563385,0.838798322663,0.999544822587,0.839939513922,0.999324153768,0.859629278159,0.999494901578,37.5434432023,3.48420402526,0.0097268503888,7.32718559577e-05
1,174.383710384,18.4391970158,0.862016890435,0.999631539867,1000,1000.0,,ovr,0.10000000000000001,rbf,"{'svc__class_weight': None, 'svc__C': 1000.0, 'svc__decision_function_shape': 'ovr', 'pca__n_components': 1000, 'svc__kernel': 'rbf', 'svc__gamma': 0.10000000000000001}",25,0.851202740965,0.999638586938,0.867858370013,0.9996169066,0.847772462819,0.999649851509,0.860941085406,0.999633476993,0.882309792971,0.999618877293,15.6677448368,1.2215606451,0.0123849237407,1.23547819221e-05
2,315.131173611,30.9082508087,0.872994207646,0.999973159691,1000,1000.0,,ovr,1.0,rbf,"{'svc__class_weight': None, 'svc__C': 1000.0, 'svc__decision_function_shape': 'ovr', 'pca__n_components': 1000, 'svc__kernel': 'rbf', 'svc__gamma': 1.0}",1,0.861969987143,0.999990363071,0.873504799192,0.999972396995,0.860763523599,0.999950314326,0.88307264334,0.999964133276,0.885660084954,0.999988590785,18.7077173725,1.90754567322,0.0103284373234,1.50867062188e-05
3,322.966807938,32.9073010445,0.85883422739,0.99996547575,1000,1000.0,,ovr,10.0,rbf,"{'svc__class_weight': None, 'svc__C': 1000.0, 'svc__decision_function_shape': 'ovr', 'pca__n_components': 1000, 'svc__kernel': 'rbf', 'svc__gamma': 10.0}",35,0.862625275198,0.999991681366,0.869960444305,0.99993765028,0.826278383308,0.99993974847,0.871773821601,0.999968364181,0.863533212537,0.999989934453,14.2553586648,4.90081981485,0.0166586991688,2.33643112212e-05
4,348.960795116,32.0614522457,0.552972064528,0.999964355461,1000,1000.0,,ovr,100.0,rbf,"{'svc__class_weight': None, 'svc__C': 1000.0, 'svc__decision_function_shape': 'ovr', 'pca__n_components': 1000, 'svc__kernel': 'rbf', 'svc__gamma': 100.0}",65,0.554262745234,0.999991681366,0.5536148012,0.999927300934,0.54484152191,0.999937871189,0.562399003371,0.999974989366,0.549742250927,0.999989934453,18.4140272059,2.49124597801,0.0057876344428,2.67900148096e-05
5,344.052598524,28.2422740936,0.552574642276,0.999958454197,1000,1000.0,,ovr,1000.0,rbf,"{'svc__class_weight': None, 'svc__C': 1000.0, 'svc__decision_function_shape': 'ovr', 'pca__n_components': 1000, 'svc__kernel': 'rbf', 'svc__gamma': 1000.0}",73,0.553273906528,0.999991681366,0.553618788209,0.999927339356,0.543839262348,0.999937871189,0.562399003371,0.999945444623,0.549742250927,0.999989934453,26.8728393175,0.863047004546,0.00604030769719,2.70410570877e-05
6,201.111929131,22.1678258896,0.843577804248,0.999487121409,1000,10000.0,,ovr,0.01,rbf,"{'svc__class_weight': None, 'svc__C': 10000.0, 'svc__decision_function_shape': 'ovr', 'pca__n_components': 1000, 'svc__kernel': 'rbf', 'svc__gamma': 0.01}",58,0.83139695013,0.9995098382,0.849352826134,0.999459563385,0.838319301372,0.999542142387,0.839444499097,0.999428854833,0.859375444505,0.999495208242,23.8170901958,2.03583702011,0.00975731096667,3.94035432417e-05
7,222.013635063,24.0417765617,0.862016890435,0.999631539867,1000,10000.0,,ovr,0.10000000000000001,rbf,"{'svc__class_weight': None, 'svc__C': 10000.0, 'svc__decision_function_shape': 'ovr', 'pca__n_components': 1000, 'svc__kernel': 'rbf', 'svc__gamma': 0.10000000000000001}",25,0.851202740965,0.999638586938,0.867858370013,0.9996169066,0.847772462819,0.999649851509,0.860941085406,0.999633476993,0.882309792971,0.999618877293,12.0892345217,3.49471545685,0.0123849237407,1.23547819221e-05
8,357.993741131,30.9406862736,0.872994207646,0.999973159691,1000,10000.0,,ovr,1.0,rbf,"{'svc__class_weight': None, 'svc__C': 10000.0, 'svc__decision_function_shape': 'ovr', 'pca__n_components': 1000, 'svc__kernel': 'rbf', 'svc__gamma': 1.0}",1,0.861969987143,0.999990363071,0.873504799192,0.999972396995,0.860763523599,0.999950314326,0.88307264334,0.999964133276,0.885660084954,0.999988590785,3.3202756413,0.592992111188,0.0103284373234,1.50867062188e-05
9,381.538063192,28.7791918278,0.858839269941,0.999965462706,1000,10000.0,,ovr,10.0,rbf,"{'svc__class_weight': None, 'svc__C': 10000.0, 'svc__decision_function_shape': 'ovr', 'pca__n_components': 1000, 'svc__kernel': 'rbf', 'svc__gamma': 10.0}",34,0.862599093851,0.999991681366,0.869957215134,0.99993765028,0.826405685038,0.999939683248,0.871783351672,0.999968364181,0.863451004008,0.999989934453,10.8459121011,3.26354029283,0.0166042148493,2.33786849577e-05
10,376.457777357,33.4628002167,0.552972064528,0.999964355461,1000,10000.0,,ovr,100.0,rbf,"{'svc__class_weight': None, 'svc__C': 10000.0, 'svc__decision_function_shape': 'ovr', 'pca__n_components': 1000, 'svc__kernel': 'rbf', 'svc__gamma': 100.0}",65,0.554262745234,0.999991681366,0.5536148012,0.999927300934,0.54484152191,0.999937871189,0.562399003371,0.999974989366,0.549742250927,0.999989934453,5.74203076252,3.67273703006,0.0057876344428,2.67900148096e-05
11,371.534121704,28.6016890049,0.552574642276,0.999958454197,1000,10000.0,,ovr,1000.0,rbf,"{'svc__class_weight': None, 'svc__C': 10000.0, 'svc__decision_function_shape': 'ovr', 'pca__n_components': 1000, 'svc__kernel': 'rbf', 'svc__gamma': 1000.0}",73,0.553273906528,0.999991681366,0.553618788209,0.999927339356,0.543839262348,0.999937871189,0.562399003371,0.999945444623,0.549742250927,0.999989934453,7.99470400699,2.77260061133,0.00604030769719,2.70410570877e-05
12,211.010961819,17.3547192574,0.843012320108,0.999480987198,1000,100000.0,,ovr,0.01,rbf,"{'svc__class_weight': None, 'svc__C': 100000.0, 'svc__decision_function_shape': 'ovr', 'pca__n_components': 1000, 'svc__kernel': 'rbf', 'svc__gamma': 0.01}",59,0.83139695013,0.9995098382,0.849352826134,0.999459563385,0.838319301372,0.999542142387,0.839444499097,0.999428854833,0.856548023807,0.999464537184,9.99376914646,1.63101616279,0.00886665531796,4.00492289525e-05
13,216.638318253,24.8652565956,0.861594987795,0.999640547994,1000,100000.0,,ovr,0.10000000000000001,rbf,"{'svc__class_weight': None, 'svc__C': 100000.0, 'svc__decision_function_shape': 'ovr', 'pca__n_components': 1000, 'svc__kernel': 'rbf', 'svc__gamma': 0.10000000000000001}",29,0.852052262367,0.999648014601,0.866559639536,0.999642563799,0.849638549042,0.999641855096,0.858966538739,0.999636574181,0.880757949293,0.999633732295,10.3187644216,2.57591914764,0.0112498501412,4.97528184961e-06
14,358.605165958,27.0243126869,0.872670704329,0.999965815984,1000,100000.0,,ovr,1.0,rbf,"{'svc__class_weight': None, 'svc__C': 100000.0, 'svc__decision_function_shape': 'ovr', 'pca__n_components': 1000, 'svc__kernel': 'rbf', 'svc__gamma': 1.0}",7,0.861750280028,0.999990363071,0.872975323147,0.999958142589,0.860667094329,0.999911031334,0.882618179491,0.99998095214,0.885342644649,0.999988590785,11.6568198126,1.2095773463,0.0102270762796,2.97004818394e-05
15,376.330432129,31.9723966599,0.857051775367,0.999971185861,1000,100000.0,,ovr,10.0,rbf,"{'svc__class_weight': None, 'svc__C': 100000.0, 'svc__decision_function_shape': 'ovr', 'pca__n_components': 1000, 'svc__kernel': 'rbf', 'svc__gamma': 10.0}",48,0.862896885561,0.999991681366,0.863875801799,0.999981244832,0.826260876539,0.999924033002,0.86767654534,0.999969035652,0.864548767599,0.999989934453,8.50161062846,1.54962645609,0.0154783896453,2.49029069353e-05
16,369.694921827,28.850165987,0.552972064528,0.999964552426,1000,100000.0,,ovr,100.0,rbf,"{'svc__class_weight': None, 'svc__C': 100000.0, 'svc__decision_function_shape': 'ovr', 'pca__n_components': 1000, 'svc__kernel': 'rbf', 'svc__gamma': 100.0}",65,0.554262745234,0.999991681366,0.5536148012,0.999927300934,0.54484152191,0.999937871189,0.562399003371,0.99997597419,0.549742250927,0.999989934453,18.7026681648,7.18768619874,0.0057876344428,2.68709710857e-05
17,367.149729347,30.8715240479,0.552574642276,0.999958454197,1000,100000.0,,ovr,1000.0,rbf,"{'svc__class_weight': None, 'svc__C': 100000.0, 'svc__decision_function_shape': 'ovr', 'pca__n_components': 1000, 'svc__kernel': 'rbf', 'svc__gamma': 1000.0}",73,0.553273906528,0.999991681366,0.553618788209,0.999927339356,0.543839262348,0.999937871189,0.562399003371,0.999945444623,0.549742250927,0.999989934453,13.0769166529,5.58889639364,0.00604030769719,2.70410570877e-05
18,211.952480221,19.8455855846,0.84196775163,0.999482548307,1000,1000000.0,,ovr,0.01,rbf,"{'svc__class_weight': None, 'svc__C': 1000000.0, 'svc__decision_function_shape': 'ovr', 'pca__n_components': 1000, 'svc__kernel': 'rbf', 'svc__gamma': 0.01}",62,0.834148800551,0.99950011473,0.849612503321,0.999498999011,0.830357743389,0.999505516164,0.83917168708,0.999443574445,0.856548023807,0.999464537184,13.5667446899,1.1524465772,0.00974446334555,2.4290285222e-05
19,229.246458244,22.8709593773,0.861594987795,0.999640547994,1000,1000000.0,,ovr,0.10000000000000001,rbf,"{'svc__class_weight': None, 'svc__C': 1000000.0, 'svc__decision_function_shape': 'ovr', 'pca__n_components': 1000, 'svc__kernel': 'rbf', 'svc__gamma': 0.10000000000000001}",29,0.852052262367,0.999648014601,0.866559639536,0.999642563799,0.849638549042,0.999641855096,0.858966538739,0.999636574181,0.880757949293,0.999633732295,7.99915685319,2.45179151605,0.0112498501412,4.97528184961e-06
20,367.383457375,25.0448676586,0.872670704329,0.999965815984,1000,1000000.0,,ovr,1.0,rbf,"{'svc__class_weight': None, 'svc__C': 1000000.0, 'svc__decision_function_shape': 'ovr', 'pca__n_components': 1000, 'svc__kernel': 'rbf', 'svc__gamma': 1.0}",7,0.861750280028,0.999990363071,0.872975323147,0.999958142589,0.860667094329,0.999911031334,0.882618179491,0.99998095214,0.885342644649,0.999988590785,14.6897577004,2.06743181509,0.0102270762796,2.97004818394e-05
21,351.573687029,26.9180373192,0.857062414743,0.999973902168,1000,1000000.0,,ovr,10.0,rbf,"{'svc__class_weight': None, 'svc__C': 1000000.0, 'svc__decision_function_shape': 'ovr', 'pca__n_components': 1000, 'svc__kernel': 'rbf', 'svc__gamma': 10.0}",47,0.862896885561,0.999991681366,0.863865249611,0.999983934343,0.826308605079,0.999934925027,0.867722714926,0.999969035652,0.864518618541,0.999989934453,6.08261429639,3.5959710571,0.0154619105928,2.10555410002e-05
22,381.225537348,29.3220347881,0.552972064528,0.999964552426,1000,1000000.0,,ovr,100.0,rbf,"{'svc__class_weight': None, 'svc__C': 1000000.0, 'svc__decision_function_shape': 'ovr', 'pca__n_components': 1000, 'svc__kernel': 'rbf', 'svc__gamma': 100.0}",65,0.554262745234,0.999991681366,0.5536148012,0.999927300934,0.54484152191,0.999937871189,0.562399003371,0.99997597419,0.549742250927,0.999989934453,18.2727108912,1.83799999594,0.0057876344428,2.68709710857e-05
23,365.636199474,30.407319355,0.552574642276,0.999958454197,1000,1000000.0,,ovr,1000.0,rbf,"{'svc__class_weight': None, 'svc__C': 1000000.0, 'svc__decision_function_shape': 'ovr', 'pca__n_components': 1000, 'svc__kernel': 'rbf', 'svc__gamma': 1000.0}",73,0.553273906528,0.999991681366,0.553618788209,0.999927339356,0.543839262348,0.999937871189,0.562399003371,0.999945444623,0.549742250927,0.999989934453,20.4771345036,5.29448390214,0.00604030769719,2.70410570877e-05
24,199.178480291,15.8810114861,0.842307302263,0.999484263873,1000,10000000.0,,ovr,0.01,rbf,"{'svc__class_weight': None, 'svc__C': 10000000.0, 'svc__decision_function_shape': 'ovr', 'pca__n_components': 1000, 'svc__kernel': 'rbf', 'svc__gamma': 0.01}",61,0.834148800551,0.99950011473,0.849612503321,0.999498999011,0.832156114357,0.999498154101,0.839071069281,0.999459514337,0.856548023807,0.999464537184,16.1590583457,1.61523385899,0.00934071820133,1.82372922246e-05
25,208.873369217,22.8297801495,0.861594987795,0.999640547994,1000,10000000.0,,ovr,0.10000000000000001,rbf,"{'svc__class_weight': None, 'svc__C': 10000000.0, 'svc__decision_function_shape': 'ovr', 'pca__n_components': 1000, 'svc__kernel': 'rbf', 'svc__gamma': 0.10000000000000001}",29,0.852052262367,0.999648014601,0.866559639536,0.999642563799,0.849638549042,0.999641855096,0.858966538739,0.999636574181,0.880757949293,0.999633732295,8.69973284334,1.64458173962,0.0112498501412,4.97528184961e-06
26,342.637507629,25.5151894093,0.872749443841,0.999965815984,1000,10000000.0,,ovr,1.0,rbf,"{'svc__class_weight': None, 'svc__C': 10000000.0, 'svc__decision_function_shape': 'ovr', 'pca__n_components': 1000, 'svc__kernel': 'rbf', 'svc__gamma': 1.0}",6,0.861750280028,0.999990363071,0.872975323147,0.999958142589,0.860667094329,0.999911031334,0.882618179491,0.99998095214,0.885736342209,0.999988590785,8.79119562332,3.97171397633,0.0103253791051,2.97004818394e-05
27,355.258684587,31.5379791737,0.857679433895,0.99997348156,1000,10000000.0,,ovr,10.0,rbf,"{'svc__class_weight': None, 'svc__C': 10000000.0, 'svc__decision_function_shape': 'ovr', 'pca__n_components': 1000, 'svc__kernel': 'rbf', 'svc__gamma': 10.0}",45,0.862744375549,0.999991681366,0.864353412268,0.999980399558,0.825850441196,0.999923777873,0.872297060578,0.99998161455,0.863151879884,0.999989934453,20.1762122376,5.76364638606,0.0162905068827,2.524437099e-05
28,382.734234142,32.2221962929,0.552971941822,0.999964418132,1000,10000000.0,,ovr,100.0,rbf,"{'svc__class_weight': None, 'svc__C': 10000000.0, 'svc__decision_function_shape': 'ovr', 'pca__n_components': 1000, 'svc__kernel': 'rbf', 'svc__gamma': 100.0}",69,0.554262745234,0.999991681366,0.553614187669,0.999927300934,0.54484152191,0.999937871189,0.562399003371,0.999975302719,0.549742250927,0.999989934453,14.0133896576,2.5502122611,0.00578762082104,2.68151724154e-05
29,365.066505289,32.5964743614,0.552574642276,0.999958454197,1000,10000000.0,,ovr,1000.0,rbf,"{'svc__class_weight': None, 'svc__C': 10000000.0, 'svc__decision_function_shape': 'ovr', 'pca__n_components': 1000, 'svc__kernel': 'rbf', 'svc__gamma': 1000.0}",73,0.553273906528,0.999991681366,0.553618788209,0.999927339356,0.543839262348,0.999937871189,0.562399003371,0.999945444623,0.549742250927,0.999989934453,12.6785270428,3.24104376529,0.00604030769719,2.70410570877e-05
30,204.996433783,18.7648933411,0.841711919578,0.999468400987,1000,100000000.0,,ovr,0.01,rbf,"{'svc__class_weight': None, 'svc__C': 100000000.0, 'svc__decision_function_shape': 'ovr', 'pca__n_components': 1000, 'svc__kernel': 'rbf', 'svc__gamma': 0.01}",63,0.83244550835,0.999459214353,0.84592204843,0.999442312794,0.832156114357,0.999498154101,0.839071069281,0.999459514337,0.858964857473,0.999482809348,9.11013155106,3.54469056745,0.00999542827236,1.96815105717e-05
31,232.873400784,22.8831447601,0.861906327453,0.999640538963,1000,100000000.0,,ovr,0.10000000000000001,rbf,"{'svc__class_weight': None, 'svc__C': 100000000.0, 'svc__decision_function_shape': 'ovr', 'pca__n_components': 1000, 'svc__kernel': 'rbf', 'svc__gamma': 0.10000000000000001}",27,0.852652214259,0.999639681236,0.86687641955,0.999636640932,0.848059444967,0.999650002617,0.859082745587,0.99963265811,0.882860812901,0.999643711918,23.3638770239,2.66326128772,0.0122404220187,5.96098277369e-06
32,360.527571487,29.0556637764,0.872865376214,0.999980493244,1000,100000000.0,,ovr,1.0,rbf,"{'svc__class_weight': None, 'svc__C': 100000000.0, 'svc__decision_function_shape': 'ovr', 'pca__n_components': 1000, 'svc__kernel': 'rbf', 'svc__gamma': 1.0}",5,0.86213207732,0.999990363071,0.873851261659,0.999970168544,0.860483545282,0.999971068128,0.88277574886,0.999982275691,0.885084247951,0.999988590785,6.18875708112,3.18909817713,0.0101685960188,8.50403462699e-06
33,357.314826822,32.2359980106,0.857776694793,0.99997348156,1000,100000000.0,,ovr,10.0,rbf,"{'svc__class_weight': None, 'svc__C': 100000000.0, 'svc__decision_function_shape': 'ovr', 'pca__n_components': 1000, 'svc__kernel': 'rbf', 'svc__gamma': 10.0}",44,0.863201541649,0.999991681366,0.864353412268,0.999980399558,0.825855894894,0.999923777873,0.87222040655,0.99998161455,0.863252218603,0.999989934453,19.8509811509,3.17812310346,0.0163108663943,2.524437099e-05
34,363.930472183,31.4764652252,0.552971941822,0.999964418132,1000,100000000.0,,ovr,100.0,rbf,"{'svc__class_weight': None, 'svc__C': 100000000.0, 'svc__decision_function_shape': 'ovr', 'pca__n_components': 1000, 'svc__kernel': 'rbf', 'svc__gamma': 100.0}",69,0.554262745234,0.999991681366,0.553614187669,0.999927300934,0.54484152191,0.999937871189,0.562399003371,0.999975302719,0.549742250927,0.999989934453,13.6122001355,0.879399690323,0.00578762082104,2.68151724154e-05
35,368.875405598,27.3456907749,0.552574642276,0.999958454197,1000,100000000.0,,ovr,1000.0,rbf,"{'svc__class_weight': None, 'svc__C': 100000000.0, 'svc__decision_function_shape': 'ovr', 'pca__n_components': 1000, 'svc__kernel': 'rbf', 'svc__gamma': 1000.0}",73,0.553273906528,0.999991681366,0.553618788209,0.999927339356,0.543839262348,0.999937871189,0.562399003371,0.999945444623,0.549742250927,0.999989934453,6.77146833957,2.27637733979,0.00604030769719,2.70410570877e-05
36,199.586817551,19.7349932194,0.841711919578,0.999468387496,1000,1000000000.0,,ovr,0.01,rbf,"{'svc__class_weight': None, 'svc__C': 1000000000.0, 'svc__decision_function_shape': 'ovr', 'pca__n_components': 1000, 'svc__kernel': 'rbf', 'svc__gamma': 0.01}",63,0.83244550835,0.999459214353,0.84592204843,0.999442337364,0.832156114357,0.99949806208,0.839071069281,0.999459514337,0.858964857473,0.999482809348,9.83192901632,2.76890558289,0.00999542827236,1.9647186149e-05
37,222.554114771,21.9918164253,0.861054198715,0.999636092894,1000,1000000000.0,,ovr,0.10000000000000001,rbf,"{'svc__class_weight': None, 'svc__C': 1000000000.0, 'svc__decision_function_shape': 'ovr', 'pca__n_components': 1000, 'svc__kernel': 'rbf', 'svc__gamma': 0.10000000000000001}",32,0.850261760542,0.999640574341,0.86687641955,0.999636640932,0.848059444967,0.999650002617,0.859082745587,0.99963265811,0.880990622929,0.999620588471,7.68751290094,2.14820835683,0.0120048843392,9.65452218846e-06
38,343.645681953,25.5883844852,0.872913445549,0.999972518897,1000,1000000000.0,,ovr,1.0,rbf,"{'svc__class_weight': None, 'svc__C': 1000000000.0, 'svc__decision_function_shape': 'ovr', 'pca__n_components': 1000, 'svc__kernel': 'rbf', 'svc__gamma': 1.0}",4,0.862144272022,0.999990363071,0.873851261659,0.999970168544,0.860711697252,0.99993124116,0.88277574886,0.999982230926,0.885084247951,0.999988590785,6.72779076231,1.45648394296,0.0101106945034,2.18193462051e-05
39,358.966115046,25.3022493839,0.857656949643,0.99997348156,1000,1000000000.0,,ovr,10.0,rbf,"{'svc__class_weight': None, 'svc__C': 1000000000.0, 'svc__decision_function_shape': 'ovr', 'pca__n_components': 1000, 'svc__kernel': 'rbf', 'svc__gamma': 10.0}",46,0.863174031852,0.999991681366,0.864353412268,0.999980399558,0.825608212597,0.999923777873,0.872213514212,0.99998161455,0.862935577287,0.999989934453,4.05629885039,2.16007231681,0.0163838935292,2.524437099e-05
40,347.95894022,25.9949489594,0.552971941822,0.999964552426,1000,1000000000.0,,ovr,100.0,rbf,"{'svc__class_weight': None, 'svc__C': 1000000000.0, 'svc__decision_function_shape': 'ovr', 'pca__n_components': 1000, 'svc__kernel': 'rbf', 'svc__gamma': 100.0}",69,0.554262745234,0.999991681366,0.553614187669,0.999927300934,0.54484152191,0.999937871189,0.562399003371,0.99997597419,0.549742250927,0.999989934453,9.90846110756,1.11049371814,0.00578762082104,2.68709710857e-05
41,334.908621359,25.6776014328,0.552574642276,0.999958454197,1000,1000000000.0,,ovr,1000.0,rbf,"{'svc__class_weight': None, 'svc__C': 1000000000.0, 'svc__decision_function_shape': 'ovr', 'pca__n_components': 1000, 'svc__kernel': 'rbf', 'svc__gamma': 1000.0}",73,0.553273906528,0.999991681366,0.553618788209,0.999927339356,0.543839262348,0.999937871189,0.562399003371,0.999945444623,0.549742250927,0.999989934453,14.2795644388,2.71071805464,0.00604030769719,2.70410570877e-05
42,202.778730059,12.9492481709,0.842519556007,0.999468077881,1000,10000000000.0,,ovr,0.01,rbf,"{'svc__class_weight': None, 'svc__C': 10000000000.0, 'svc__decision_function_shape': 'ovr', 'pca__n_components': 1000, 'svc__kernel': 'rbf', 'svc__gamma': 0.01}",60,0.829891185325,0.99946905668,0.851082235465,0.999458442222,0.83159901942,0.999522933213,0.838806901259,0.999430453091,0.861218438567,0.999459504199,6.50480615599,3.18676046454,0.0119623188319,3.03052613307e-05
43,203.583953381,18.6527730465,0.861736877152,0.999632217117,1000,10000000000.0,,ovr,0.10000000000000001,rbf,"{'svc__class_weight': None, 'svc__C': 10000000000.0, 'svc__decision_function_shape': 'ovr', 'pca__n_components': 1000, 'svc__kernel': 'rbf', 'svc__gamma': 0.10000000000000001}",28,0.850261021428,0.999640901164,0.869679775585,0.999618646801,0.849160299797,0.999644761421,0.858590865084,0.999636110883,0.880992423867,0.999620665314,11.3148621907,1.68039730366,0.0121130398276,1.06351426876e-05
44,326.496528244,32.6865620613,0.872963915801,0.999969012022,1000,10000000000.0,,ovr,1.0,rbf,"{'svc__class_weight': None, 'svc__C': 10000000000.0, 'svc__decision_function_shape': 'ovr', 'pca__n_components': 1000, 'svc__kernel': 'rbf', 'svc__gamma': 1.0}",3,0.862143542116,0.999990363071,0.87360765764,0.999955632137,0.860711697252,0.999932239943,0.88327413477,0.999978234176,0.885082547228,0.999988590785,19.3512496005,5.10237097886,0.0102056219062,2.21605527173e-05
45,368.566456413,51.1594957829,0.858487436217,0.999965977314,1000,10000000000.0,,ovr,10.0,rbf,"{'svc__class_weight': None, 'svc__C': 10000000000.0, 'svc__decision_function_shape': 'ovr', 'pca__n_components': 1000, 'svc__kernel': 'rbf', 'svc__gamma': 10.0}",41,0.863189436082,0.999991681366,0.868106861498,0.999963455641,0.826215347455,0.999902305267,0.871985392479,0.999982509846,0.862940143568,0.999989934453,28.0075184377,12.4100901107,0.0164812092066,3.33720114543e-05
46,441.45047946,54.4961499214,0.552971941822,0.999964552426,1000,10000000000.0,,ovr,100.0,rbf,"{'svc__class_weight': None, 'svc__C': 10000000000.0, 'svc__decision_function_shape': 'ovr', 'pca__n_components': 1000, 'svc__kernel': 'rbf', 'svc__gamma': 100.0}",69,0.554262745234,0.999991681366,0.553614187669,0.999927300934,0.54484152191,0.999937871189,0.562399003371,0.99997597419,0.549742250927,0.999989934453,45.3123851416,4.47128252275,0.00578762082104,2.68709710857e-05
47,488.709156609,53.007848978,0.552574642276,0.999958454197,1000,10000000000.0,,ovr,1000.0,rbf,"{'svc__class_weight': None, 'svc__C': 10000000000.0, 'svc__decision_function_shape': 'ovr', 'pca__n_components': 1000, 'svc__kernel': 'rbf', 'svc__gamma': 1000.0}",73,0.553273906528,0.999991681366,0.553618788209,0.999927339356,0.543839262348,0.999937871189,0.562399003371,0.999945444623,0.549742250927,0.999989934453,40.7050031661,4.31326243493,0.00604030769719,2.70410570877e-05
48,580.744533777,66.1334564209,0.847534866116,0.999534803831,2000,1000.0,,ovr,0.01,rbf,"{'svc__class_weight': None, 'svc__C': 1000.0, 'svc__decision_function_shape': 'ovr', 'pca__n_components': 2000, 'svc__kernel': 'rbf', 'svc__gamma': 0.01}",49,0.834555368671,0.999535509824,0.856456714714,0.99952334318,0.838358149648,0.999517137825,0.845609750977,0.999542676685,0.862694346571,0.99955535164,45.826016021,7.7076773747,0.0106376198224,1.36244412969e-05
49,664.947478533,62.7647276878,0.866927439874,0.999701948005,2000,1000.0,,ovr,0.10000000000000001,rbf,"{'svc__class_weight': None, 'svc__C': 1000.0, 'svc__decision_function_shape': 'ovr', 'pca__n_components': 2000, 'svc__kernel': 'rbf', 'svc__gamma': 0.10000000000000001}",9,0.855629834622,0.99973026739,0.872912070296,0.999691230658,0.856864506709,0.999721768307,0.867166805614,0.999676266094,0.88206398213,0.999690207576,29.9928299813,7.1600258985,0.00993867714589,2.05284763056e-05
50,985.733542585,61.3251828194,0.86615103529,0.999970204965,2000,1000.0,,ovr,1.0,rbf,"{'svc__class_weight': None, 'svc__C': 1000.0, 'svc__decision_function_shape': 'ovr', 'pca__n_components': 2000, 'svc__kernel': 'rbf', 'svc__gamma': 1.0}",22,0.855177292986,0.999990990502,0.867276742979,0.999962163444,0.853137103817,0.99994888549,0.879474795744,0.999959908172,0.875689240924,0.999989077217,8.55135426151,7.4041806775,0.0105787769585,1.68131524884e-05
51,1001.55493765,61.7932083607,0.859018367052,0.999955885968,2000,1000.0,,ovr,10.0,rbf,"{'svc__class_weight': None, 'svc__C': 1000.0, 'svc__decision_function_shape': 'ovr', 'pca__n_components': 2000, 'svc__kernel': 'rbf', 'svc__gamma': 10.0}",33,0.861975961537,0.999991681366,0.869382370272,0.999953158657,0.826085629345,0.999881260071,0.874373384703,0.999963395293,0.863274489401,0.999989934453,5.37683315269,4.35297103916,0.0170564725854,4.01832364762e-05
52,973.553514576,58.186661005,0.552574642276,0.999958454197,2000,1000.0,,ovr,100.0,rbf,"{'svc__class_weight': None, 'svc__C': 1000.0, 'svc__decision_function_shape': 'ovr', 'pca__n_components': 2000, 'svc__kernel': 'rbf', 'svc__gamma': 100.0}",73,0.553273906528,0.999991681366,0.553618788209,0.999927339356,0.543839262348,0.999937871189,0.562399003371,0.999945444623,0.549742250927,0.999989934453,6.00110524818,2.99829762461,0.00604030769719,2.70410570877e-05
53,945.024533224,55.8707985878,0.552574642276,0.999958454197,2000,1000.0,,ovr,1000.0,rbf,"{'svc__class_weight': None, 'svc__C': 1000.0, 'svc__decision_function_shape': 'ovr', 'pca__n_components': 2000, 'svc__kernel': 'rbf', 'svc__gamma': 1000.0}",73,0.553273906528,0.999991681366,0.553618788209,0.999927339356,0.543839262348,0.999937871189,0.562399003371,0.999945444623,0.549742250927,0.999989934453,8.59458969798,3.40623648011,0.00604030769719,2.70410570877e-05
54,607.556788826,49.8458352566,0.847277817786,0.999536860254,2000,10000.0,,ovr,0.01,rbf,"{'svc__class_weight': None, 'svc__C': 10000.0, 'svc__decision_function_shape': 'ovr', 'pca__n_components': 2000, 'svc__kernel': 'rbf', 'svc__gamma': 0.01}",52,0.834555368671,0.999535509824,0.856326423104,0.999529680299,0.837527597348,0.999513334925,0.845285353234,0.99955042458,0.862694346571,0.99955535164,19.9802711818,1.26599120985,0.0107744516619,1.505150362e-05
55,635.853766155,50.0730694294,0.866703294461,0.999702733342,2000,10000.0,,ovr,0.10000000000000001,rbf,"{'svc__class_weight': None, 'svc__C': 10000.0, 'svc__decision_function_shape': 'ovr', 'pca__n_components': 2000, 'svc__kernel': 'rbf', 'svc__gamma': 0.10000000000000001}",12,0.852992254147,0.999730116586,0.873483863731,0.999696667281,0.857489951697,0.999720746189,0.867049431664,0.999676707916,0.882500971068,0.999689428735,11.6688285703,5.68090838802,0.0106634030978,1.98264325579e-05
56,835.2401546,54.3924796104,0.866136822686,0.999970499781,2000,10000.0,,ovr,1.0,rbf,"{'svc__class_weight': None, 'svc__C': 10000.0, 'svc__decision_function_shape': 'ovr', 'pca__n_components': 2000, 'svc__kernel': 'rbf', 'svc__gamma': 1.0}",23,0.854938608625,0.999990990502,0.867464185207,0.999948254832,0.853289317633,0.999964984417,0.879302761041,0.999959191936,0.875689240924,0.999989077217,9.24158714738,7.66294404014,0.0105528280804,1.68411113745e-05
57,833.126652765,64.8928103924,0.858630421323,0.99996068062,2000,10000.0,,ovr,10.0,rbf,"{'svc__class_weight': None, 'svc__C': 10000.0, 'svc__decision_function_shape': 'ovr', 'pca__n_components': 2000, 'svc__kernel': 'rbf', 'svc__gamma': 10.0}",38,0.861985692282,0.999991681366,0.868134931905,0.999958307149,0.825522888297,0.999900084838,0.874103130777,0.999963395293,0.863405463356,0.999989934453,19.2535058229,2.30759366465,0.0170874695137,3.31713267211e-05
58,793.355779552,70.0797786236,0.552574642276,0.999958454197,2000,10000.0,,ovr,100.0,rbf,"{'svc__class_weight': None, 'svc__C': 10000.0, 'svc__decision_function_shape': 'ovr', 'pca__n_components': 2000, 'svc__kernel': 'rbf', 'svc__gamma': 100.0}",73,0.553273906528,0.999991681366,0.553618788209,0.999927339356,0.543839262348,0.999937871189,0.562399003371,0.999945444623,0.549742250927,0.999989934453,12.3490646637,6.56463133711,0.00604030769719,2.70410570877e-05
59,788.292518616,86.6585886002,0.552574642276,0.999958454197,2000,10000.0,,ovr,1000.0,rbf,"{'svc__class_weight': None, 'svc__C': 10000.0, 'svc__decision_function_shape': 'ovr', 'pca__n_components': 2000, 'svc__kernel': 'rbf', 'svc__gamma': 1000.0}",73,0.553273906528,0.999991681366,0.553618788209,0.999927339356,0.543839262348,0.999937871189,0.562399003371,0.999945444623,0.549742250927,0.999989934453,10.8273531812,18.6256503278,0.00604030769719,2.70410570877e-05
60,442.110884953,36.3732596397,0.847149241097,0.999537132283,2000,100000.0,,ovr,0.01,rbf,"{'svc__class_weight': None, 'svc__C': 100000.0, 'svc__decision_function_shape': 'ovr', 'pca__n_components': 2000, 'svc__kernel': 'rbf', 'svc__gamma': 0.01}",55,0.835179667026,0.999539010516,0.856326423104,0.999529680299,0.837527597348,0.999513334925,0.845285353234,0.99955042458,0.861427164776,0.999553211095,4.09281685005,5.84004051392,0.0102703513476,1.45642535243e-05
61,474.186168957,49.5546312332,0.866631144357,0.99970135409,2000,100000.0,,ovr,0.10000000000000001,rbf,"{'svc__class_weight': None, 'svc__C': 100000.0, 'svc__decision_function_shape': 'ovr', 'pca__n_components': 2000, 'svc__kernel': 'rbf', 'svc__gamma': 0.10000000000000001}",13,0.852900170909,0.999732234436,0.873653499836,0.999687834314,0.857133134691,0.999719813718,0.866860618233,0.999676854285,0.882608298113,0.999690033695,7.47858318706,4.28879802143,0.0108017350119,2.10025225011e-05
62,920.796288395,79.5756003857,0.866267112567,0.999970994053,2000,100000.0,,ovr,1.0,rbf,"{'svc__class_weight': None, 'svc__C': 100000.0, 'svc__decision_function_shape': 'ovr', 'pca__n_components': 2000, 'svc__kernel': 'rbf', 'svc__gamma': 1.0}",17,0.855232956509,0.999990990502,0.867527774223,0.99997983737,0.853405319371,0.999938111476,0.879582380784,0.999956953698,0.875587131949,0.999989077217,39.3839606719,10.4938431853,0.0105159566462,2.04130277238e-05
63,946.940502024,59.6243429661,0.858707197368,0.999949883059,2000,100000.0,,ovr,10.0,rbf,"{'svc__class_weight': None, 'svc__C': 100000.0, 'svc__decision_function_shape': 'ovr', 'pca__n_components': 2000, 'svc__kernel': 'rbf', 'svc__gamma': 10.0}",36,0.861610285517,0.999991681366,0.868749972166,0.999955002893,0.825200197017,0.999848416463,0.874219953265,0.999964380117,0.863755578873,0.999989934453,14.7554469572,7.83332421667,0.0173097433276,5.26935669954e-05
64,945.057964802,38.7406198025,0.552574642276,0.999958454197,2000,100000.0,,ovr,100.0,rbf,"{'svc__class_weight': None, 'svc__C': 100000.0, 'svc__decision_function_shape': 'ovr', 'pca__n_components': 2000, 'svc__kernel': 'rbf', 'svc__gamma': 100.0}",73,0.553273906528,0.999991681366,0.553618788209,0.999927339356,0.543839262348,0.999937871189,0.562399003371,0.999945444623,0.549742250927,0.999989934453,23.6744263224,2.96999117002,0.00604030769719,2.70410570877e-05
65,905.131410599,59.5494756222,0.552574642276,0.999958454197,2000,100000.0,,ovr,1000.0,rbf,"{'svc__class_weight': None, 'svc__C': 100000.0, 'svc__decision_function_shape': 'ovr', 'pca__n_components': 2000, 'svc__kernel': 'rbf', 'svc__gamma': 1000.0}",73,0.553273906528,0.999991681366,0.553618788209,0.999927339356,0.543839262348,0.999937871189,0.562399003371,0.999945444623,0.549742250927,0.999989934453,12.0339142625,8.84816895303,0.00604030769719,2.70410570877e-05
66,613.014629793,53.1436977863,0.84709470681,0.999539533525,2000,1000000.0,,ovr,0.01,rbf,"{'svc__class_weight': None, 'svc__C': 1000000.0, 'svc__decision_function_shape': 'ovr', 'pca__n_components': 2000, 'svc__kernel': 'rbf', 'svc__gamma': 0.01}",56,0.83340800299,0.999542461693,0.856028244389,0.999528883248,0.837982640051,0.999522542874,0.847260291607,0.999548229518,0.860794355012,0.99955555029,11.2126586362,1.37583397645,0.0103718030731,1.21888625445e-05
67,641.936523962,40.5063102245,0.866887487915,0.999701071106,2000,1000000.0,,ovr,0.10000000000000001,rbf,"{'svc__class_weight': None, 'svc__C': 1000000.0, 'svc__decision_function_shape': 'ovr', 'pca__n_components': 2000, 'svc__kernel': 'rbf', 'svc__gamma': 0.10000000000000001}",11,0.853042432317,0.999732417395,0.873653499836,0.999687834314,0.857133134691,0.999719813718,0.867521218054,0.999675350224,0.883087154676,0.99968993988,14.9507496416,5.87897386006,0.0109127696365,2.142221255e-05
68,828.817596579,75.6282104492,0.866221469948,0.999968556925,2000,1000000.0,,ovr,1.0,rbf,"{'svc__class_weight': None, 'svc__C': 1000000.0, 'svc__decision_function_shape': 'ovr', 'pca__n_components': 2000, 'svc__kernel': 'rbf', 'svc__gamma': 1.0}",18,0.855202916976,0.999990990502,0.867527774223,0.99997983737,0.853207145811,0.99992592584,0.879582380784,0.999956953698,0.875587131949,0.999989077217,34.0396476724,14.5230299616,0.0105708763712,2.45097552807e-05
69,866.202570581,82.0592887878,0.858705269953,0.999969089899,2000,1000000.0,,ovr,10.0,rbf,"{'svc__class_weight': None, 'svc__C': 1000000.0, 'svc__decision_function_shape': 'ovr', 'pca__n_components': 2000, 'svc__kernel': 'rbf', 'svc__gamma': 10.0}",37,0.861701625831,0.999991681366,0.868860450485,0.999952889706,0.825274501329,0.999946832442,0.874120619534,0.999964111529,0.863569152586,0.999989934453,35.0426538319,5.40984284127,0.0172685406908,1.85876012732e-05
70,820.551063395,87.3407341957,0.552574642276,0.999958454197,2000,1000000.0,,ovr,100.0,rbf,"{'svc__class_weight': None, 'svc__C': 1000000.0, 'svc__decision_function_shape': 'ovr', 'pca__n_components': 2000, 'svc__kernel': 'rbf', 'svc__gamma': 100.0}",73,0.553273906528,0.999991681366,0.553618788209,0.999927339356,0.543839262348,0.999937871189,0.562399003371,0.999945444623,0.549742250927,0.999989934453,25.6587343569,7.9193686874,0.00604030769719,2.70410570877e-05
71,815.837208796,73.0087357998,0.552574642276,0.999958454197,2000,1000000.0,,ovr,1000.0,rbf,"{'svc__class_weight': None, 'svc__C': 1000000.0, 'svc__decision_function_shape': 'ovr', 'pca__n_components': 2000, 'svc__kernel': 'rbf', 'svc__gamma': 1000.0}",73,0.553273906528,0.999991681366,0.553618788209,0.999927339356,0.543839262348,0.999937871189,0.562399003371,0.999945444623,0.549742250927,0.999989934453,14.4539474616,6.32004760142,0.00604030769719,2.70410570877e-05
72,443.243204021,38.632692337,0.847466410858,0.999539075675,2000,10000000.0,,ovr,0.01,rbf,"{'svc__class_weight': None, 'svc__C': 10000000.0, 'svc__decision_function_shape': 'ovr', 'pca__n_components': 2000, 'svc__kernel': 'rbf', 'svc__gamma': 0.01}",51,0.835266523232,0.999540172441,0.856028244389,0.999528883248,0.837982640051,0.999522542874,0.847260291607,0.999548229518,0.860794355012,0.99955555029,12.569298532,4.50570988158,0.00989707775802,1.21130323275e-05
73,493.399067974,65.1900759697,0.866898152527,0.999701682884,2000,10000000.0,,ovr,0.10000000000000001,rbf,"{'svc__class_weight': None, 'svc__C': 10000000.0, 'svc__decision_function_shape': 'ovr', 'pca__n_components': 2000, 'svc__kernel': 'rbf', 'svc__gamma': 0.10000000000000001}",10,0.853042432317,0.999732417395,0.873653499836,0.999687834314,0.85740376321,0.999724414098,0.867521218054,0.999675350224,0.882869849219,0.999688398389,21.251042726,8.43395591353,0.0108003929017,2.24632496506e-05
74,870.03417325,88.1848837852,0.866104565374,0.999967042897,2000,10000000.0,,ovr,1.0,rbf,"{'svc__class_weight': None, 'svc__C': 10000000.0, 'svc__decision_function_shape': 'ovr', 'pca__n_components': 2000, 'svc__kernel': 'rbf', 'svc__gamma': 1.0}",24,0.85502409023,0.999990990502,0.867566013723,0.999967081406,0.853129861887,0.999930472267,0.879033775565,0.999957669934,0.875769085464,0.999989000373,37.9388545635,13.4697275064,0.0105244773362,2.22750239009e-05
75,949.856557846,56.1158993721,0.858311367816,0.999953062974,2000,10000000.0,,ovr,10.0,rbf,"{'svc__class_weight': None, 'svc__C': 10000000.0, 'svc__decision_function_shape': 'ovr', 'pca__n_components': 2000, 'svc__kernel': 'rbf', 'svc__gamma': 10.0}",43,0.861484392381,0.999991681366,0.868607135979,0.999959037159,0.824793318644,0.99986005795,0.874016839954,0.999964603941,0.862655152121,0.999989934453,12.8576952203,2.53729715056,0.017349702386,4.83108797587e-05
76,960.579480743,55.1966075897,0.552574642276,0.999958454197,2000,10000000.0,,ovr,100.0,rbf,"{'svc__class_weight': None, 'svc__C': 10000000.0, 'svc__decision_function_shape': 'ovr', 'pca__n_components': 2000, 'svc__kernel': 'rbf', 'svc__gamma': 100.0}",73,0.553273906528,0.999991681366,0.553618788209,0.999927339356,0.543839262348,0.999937871189,0.562399003371,0.999945444623,0.549742250927,0.999989934453,16.9056816672,3.43964807963,0.00604030769719,2.70410570877e-05
77,936.007272243,54.1182772636,0.552574642276,0.999958454197,2000,10000000.0,,ovr,1000.0,rbf,"{'svc__class_weight': None, 'svc__C': 10000000.0, 'svc__decision_function_shape': 'ovr', 'pca__n_components': 2000, 'svc__kernel': 'rbf', 'svc__gamma': 1000.0}",73,0.553273906528,0.999991681366,0.553618788209,0.999927339356,0.543839262348,0.999937871189,0.562399003371,0.999945444623,0.549742250927,0.999989934453,14.4652172977,6.26148114947,0.00604030769719,2.70410570877e-05
78,557.368793821,66.9194832325,0.847273548722,0.999529936675,2000,100000000.0,,ovr,0.01,rbf,"{'svc__class_weight': None, 'svc__C': 100000000.0, 'svc__decision_function_shape': 'ovr', 'pca__n_components': 2000, 'svc__kernel': 'rbf', 'svc__gamma': 0.01}",53,0.83564525466,0.999535730194,0.855316554626,0.999529676043,0.838923866643,0.999521845197,0.844930303819,0.999510106235,0.86155176386,0.999552325707,16.0905104972,3.27143135498,0.00978756948152,1.40969494226e-05
79,627.063416386,43.5382234097,0.866557378932,0.999700539829,2000,100000000.0,,ovr,0.10000000000000001,rbf,"{'svc__class_weight': None, 'svc__C': 100000000.0, 'svc__decision_function_shape': 'ovr', 'pca__n_components': 2000, 'svc__kernel': 'rbf', 'svc__gamma': 0.10000000000000001}",15,0.852356249037,0.999729818681,0.873371940255,0.999692869802,0.856647385748,0.99971829312,0.866764455409,0.999675504793,0.883646864211,0.999686212749,9.3738043755,3.09195025389,0.0112996609595,2.03139265657e-05
80,836.696836996,74.0999985695,0.866186269591,0.999970620605,2000,100000000.0,,ovr,1.0,rbf,"{'svc__class_weight': None, 'svc__C': 100000000.0, 'svc__decision_function_shape': 'ovr', 'pca__n_components': 2000, 'svc__kernel': 'rbf', 'svc__gamma': 1.0}",20,0.855253182048,0.999990990502,0.86721913946,0.999984025323,0.853264004724,0.999918147133,0.879590619708,0.999970862852,0.875604402015,0.999989077217,26.8331431015,9.81812641431,0.0105447804443,2.71616995185e-05
81,846.370361805,85.1061594009,0.858527911934,0.99995653092,2000,100000000.0,,ovr,10.0,rbf,"{'svc__class_weight': None, 'svc__C': 100000000.0, 'svc__decision_function_shape': 'ovr', 'pca__n_components': 2000, 'svc__kernel': 'rbf', 'svc__gamma': 10.0}",40,0.861506978994,0.999991681366,0.868403329371,0.999956501335,0.825152599205,0.999860102714,0.87408885223,0.99998443473,0.86348779987,0.999989934453,26.4903860475,7.92028935511,0.0172455997931,4.98565385828e-05
82,845.196419573,90.9503412247,0.552574642276,0.999958454197,2000,100000000.0,,ovr,100.0,rbf,"{'svc__class_weight': None, 'svc__C': 100000000.0, 'svc__decision_function_shape': 'ovr', 'pca__n_components': 2000, 'svc__kernel': 'rbf', 'svc__gamma': 100.0}",73,0.553273906528,0.999991681366,0.553618788209,0.999927339356,0.543839262348,0.999937871189,0.562399003371,0.999945444623,0.549742250927,0.999989934453,26.9482933594,7.20429326088,0.00604030769719,2.70410570877e-05
83,858.115982437,89.0646854401,0.552574642276,0.999958454197,2000,100000000.0,,ovr,1000.0,rbf,"{'svc__class_weight': None, 'svc__C': 100000000.0, 'svc__decision_function_shape': 'ovr', 'pca__n_components': 2000, 'svc__kernel': 'rbf', 'svc__gamma': 1000.0}",73,0.553273906528,0.999991681366,0.553618788209,0.999927339356,0.543839262348,0.999937871189,0.562399003371,0.999945444623,0.549742250927,0.999989934453,16.2317118997,5.20854526135,0.00604030769719,2.70410570877e-05
84,476.544533348,38.5333519936,0.847149990531,0.999528971415,2000,1000000000.0,,ovr,0.01,rbf,"{'svc__class_weight': None, 'svc__C': 1000000000.0, 'svc__decision_function_shape': 'ovr', 'pca__n_components': 2000, 'svc__kernel': 'rbf', 'svc__gamma': 0.01}",54,0.835267940299,0.999540172441,0.85576649495,0.999527407362,0.838501954407,0.999512303714,0.844927798151,0.999509779412,0.861285764848,0.999555194145,17.9223471484,7.3721912403,0.00994961355455,1.70978714032e-05
85,500.861837626,52.9712164879,0.866416285334,0.999701377976,2000,1000000000.0,,ovr,0.10000000000000001,rbf,"{'svc__class_weight': None, 'svc__C': 1000000000.0, 'svc__decision_function_shape': 'ovr', 'pca__n_components': 2000, 'svc__kernel': 'rbf', 'svc__gamma': 0.10000000000000001}",16,0.852354879364,0.999729818681,0.873371940255,0.999692869802,0.856647385748,0.99971829312,0.866764455409,0.999675504793,0.882942765893,0.999690403484,42.1987654498,5.74353143005,0.0110885657721,1.97850745853e-05
86,856.173692369,66.0433990002,0.866162684764,0.999979328982,2000,1000000000.0,,ovr,1.0,rbf,"{'svc__class_weight': None, 'svc__C': 1000000000.0, 'svc__decision_function_shape': 'ovr', 'pca__n_components': 2000, 'svc__kernel': 'rbf', 'svc__gamma': 1.0}",21,0.855253182048,0.999990990502,0.86721913946,0.999983986901,0.8532765004,0.999955089566,0.87947081864,0.999977500723,0.875593783274,0.999989077217,16.6947840447,14.9043140379,0.0105094161577,1.29892814805e-05
87,843.149014235,30.2480054379,0.858579054508,0.999955049701,2000,1000000000.0,,ovr,10.0,rbf,"{'svc__class_weight': None, 'svc__C': 1000000000.0, 'svc__decision_function_shape': 'ovr', 'pca__n_components': 2000, 'svc__kernel': 'rbf', 'svc__gamma': 10.0}",39,0.861472048758,0.999991681366,0.868785731494,0.999955271844,0.82552403809,0.999874965551,0.873982111075,0.999963395293,0.863131343124,0.999989934453,12.3373888727,4.31967992586,0.0171064740053,4.25252727939e-05
88,806.949347925,18.1380350113,0.552574642276,0.999958454197,2000,1000000000.0,,ovr,100.0,rbf,"{'svc__class_weight': None, 'svc__C': 1000000000.0, 'svc__decision_function_shape': 'ovr', 'pca__n_components': 2000, 'svc__kernel': 'rbf', 'svc__gamma': 100.0}",73,0.553273906528,0.999991681366,0.553618788209,0.999927339356,0.543839262348,0.999937871189,0.562399003371,0.999945444623,0.549742250927,0.999989934453,26.8445671496,3.9825550214,0.00604030769719,2.70410570877e-05
89,730.385854006,18.0036113739,0.552574642276,0.999958454197,2000,1000000000.0,,ovr,1000.0,rbf,"{'svc__class_weight': None, 'svc__C': 1000000000.0, 'svc__decision_function_shape': 'ovr', 'pca__n_components': 2000, 'svc__kernel': 'rbf', 'svc__gamma': 1000.0}",73,0.553273906528,0.999991681366,0.553618788209,0.999927339356,0.543839262348,0.999937871189,0.562399003371,0.999945444623,0.549742250927,0.999989934453,12.2237863744,2.86711913472,0.00604030769719,2.70410570877e-05
90,531.869582081,37.9977725983,0.847499045598,0.999536206561,2000,10000000000.0,,ovr,0.01,rbf,"{'svc__class_weight': None, 'svc__C': 10000000000.0, 'svc__decision_function_shape': 'ovr', 'pca__n_components': 2000, 'svc__kernel': 'rbf', 'svc__gamma': 0.01}",50,0.835484386282,0.999538134396,0.855535866138,0.999524891378,0.838501954407,0.999512393243,0.844900902711,0.999552965445,0.863072118451,0.99955264834,11.9626575256,2.09684488767,0.0103842295556,1.58114912776e-05
91,520.256069374,26.1008066177,0.866608521892,0.999700489495,2000,10000000000.0,,ovr,0.10000000000000001,rbf,"{'svc__class_weight': None, 'svc__C': 10000000000.0, 'svc__decision_function_shape': 'ovr', 'pca__n_components': 2000, 'svc__kernel': 'rbf', 'svc__gamma': 0.10000000000000001}",14,0.853886581403,0.999728837523,0.873367915206,0.999691265253,0.856214376451,0.999717211198,0.867047276652,0.999677611111,0.88252645975,0.999687522388,15.0935901353,7.35193089834,0.0106691019177,1.92866741008e-05
92,565.524512815,12.0508749962,0.866207844795,0.999980870993,2000,10000000000.0,,ovr,1.0,rbf,"{'svc__class_weight': None, 'svc__C': 10000000000.0, 'svc__decision_function_shape': 'ovr', 'pca__n_components': 2000, 'svc__kernel': 'rbf', 'svc__gamma': 1.0}",19,0.855226623502,0.999990990502,0.867596928879,0.999975572575,0.853218978587,0.99997143777,0.879402909732,0.999977276899,0.875593783274,0.999989077217,14.5177046516,0.167314753283,0.0105207699417,7.74238997342e-06
93,518.173174572,11.0113486767,0.858324195972,0.999963658916,2000,10000000000.0,,ovr,10.0,rbf,"{'svc__class_weight': None, 'svc__C': 10000000000.0, 'svc__decision_function_shape': 'ovr', 'pca__n_components': 2000, 'svc__kernel': 'rbf', 'svc__gamma': 10.0}",42,0.861393022791,0.999991681366,0.868831449493,0.999952697598,0.824967281216,0.999899904552,0.874246044166,0.999984076612,0.862183182193,0.999989934453,18.9364456592,0.735916441267,0.0173257084197,3.48634857972e-05
94,402.748395014,9.0023211956,0.552574642276,0.999958454197,2000,10000000000.0,,ovr,100.0,rbf,"{'svc__class_weight': None, 'svc__C': 10000000000.0, 'svc__decision_function_shape': 'ovr', 'pca__n_components': 2000, 'svc__kernel': 'rbf', 'svc__gamma': 100.0}",73,0.553273906528,0.999991681366,0.553618788209,0.999927339356,0.543839262348,0.999937871189,0.562399003371,0.999945444623,0.549742250927,0.999989934453,27.9418700285,0.497379352316,0.00604030769719,2.70410570877e-05
95,327.19063859,8.15301833153,0.552574642276,0.999958454197,2000,10000000000.0,,ovr,1000.0,rbf,"{'svc__class_weight': None, 'svc__C': 10000000000.0, 'svc__decision_function_shape': 'ovr', 'pca__n_components': 2000, 'svc__kernel': 'rbf', 'svc__gamma': 1000.0}",73,0.553273906528,0.999991681366,0.553618788209,0.999927339356,0.543839262348,0.999937871189,0.562399003371,0.999945444623,0.549742250927,0.999989934453,20.0117529583,0.53949482588,0.00604030769719,2.70410570877e-05
